Network_Name,Modularity,Clustering,Size
Orkut,0.670472842616466,0.28384318114847085,9601
LiveJournal,0.174318809305121,0.20689483518574514,8645
